id;model;front;temples;lenses
1;International Forward;Hawaii;Forward reboot;Avon Cambridgeshire Lane
2;Philippines;maroon Computer;cross-platform;e-markets
3;RSS transform virtual;Nevada;deliverables;Tools array withdrawal
4;Metal;Soft Security;bypassing;Fiji
5;drive;clicks-and-mortar needs-based;Won Ball;auxiliary Vision-oriented
6;Carolina morph North;Infrastructure;lime Digitized;blue
7;SCSI;visualize;Tunisian;SMTP Direct AI
8;Pennsylvania Jewelery markets;Fresh multi-tasking Practical;circuit deposit Rubber;Metal Developer bi-directional
9;Car Associate Borders;knowledge;Legacy payment Savings;Dam Assistant visualize
10;Buckinghamshire;bus Object-based Developer;Optimization Lebanon;navigate
