id;model;engine;serial_no
1;interfaces ivory Angola;Credit Incredible;online Fresh connect
2;Keyboard;Soap XSS;gold hacking Bedfordshire
3;Applications;Quality-focused French payment;Road incubate Credit
4;Savings;bus payment Forint;primary
5;Hat Industrial;niches;Product port
6;Bedfordshire red communities;Bypass Borders tolerance;recontextualize green
7;Clothing Applications;Architect Optimization hybrid;Frozen
8;Shirt parsing;Manat virtual calculating;Senior Bike
9;Rubber Prairie;Tools Ethiopian River;firewall
10;Direct Belize Concrete;real-time;Dollar ROI
